dteday,instant,season,year,month,hour,holiday,weekday,workingday,weathersit,temp,atemp,humidity,windspeed,casual,registered,count
2011-06-01,3531,2,0,6,0,0,3,1,1,0.7,0.6667,0.79,0.1642,9,25,34
2011-06-01,3532,2,0,6,1,0,3,1,1,0.7,0.6667,0.84,0.2537,8,9,17
2011-06-01,3533,2,0,6,2,0,3,1,1,0.7,0.6667,0.79,0.1642,0,3,3
2011-06-01,3534,2,0,6,3,0,3,1,1,0.68,0.6364,0.89,0.194,0,6,6
2011-06-01,3535,2,0,6,4,0,3,1,2,0.68,0.6364,0.89,0.2239,0,4,4
2011-06-01,3536,2,0,6,5,0,3,1,2,0.66,0.5909,0.89,0.0896,2,19,21
2011-06-01,3537,2,0,6,6,0,3,1,2,0.68,0.6364,0.89,0.0896,7,121,128
2011-06-01,3538,2,0,6,7,0,3,1,2,0.7,0.6667,0.79,0.1642,19,265,284
2011-06-01,3539,2,0,6,8,0,3,1,2,0.72,0.697,0.79,0.194,37,417,454
2011-06-01,3540,2,0,6,9,0,3,1,2,0.74,0.7121,0.74,0.2239,34,173,207
2011-06-01,3541,2,0,6,10,0,3,1,2,0.76,0.7424,0.75,0.2537,31,84,115
2011-06-01,3542,2,0,6,11,0,3,1,2,0.82,0.803,0.59,0.2239,26,86,112
2011-06-01,3543,2,0,6,12,0,3,1,1,0.86,0.8333,0.53,0.0,32,137,169
2011-06-01,3544,2,0,6,13,0,3,1,1,0.9,0.8182,0.37,0.194,29,125,154
2011-06-01,3545,2,0,6,14,0,3,1,1,0.9,0.8182,0.37,0.2537,40,105,145
2011-06-01,3546,2,0,6,15,0,3,1,1,0.9,0.8333,0.39,0.2985,25,127,152
2011-06-01,3547,2,0,6,16,0,3,1,1,0.86,0.803,0.47,0.2985,39,227,266
2011-06-01,3548,2,0,6,17,0,3,1,1,0.86,0.803,0.47,0.2985,52,434,486
2011-06-01,3549,2,0,6,18,0,3,1,3,0.82,0.7879,0.56,0.3881,31,278,309
2011-06-01,3550,2,0,6,19,0,3,1,2,0.74,0.7121,0.79,0.1642,16,248,264
2011-06-01,3551,2,0,6,20,0,3,1,2,0.74,0.7121,0.79,0.2537,23,233,256
2011-06-01,3552,2,0,6,21,0,3,1,1,0.74,0.697,0.7,0.2836,29,161,190
2011-06-01,3553,2,0,6,22,0,3,1,1,0.74,0.697,0.66,0.1343,14,115,129
2011-06-01,3554,2,0,6,23,0,3,1,1,0.74,0.6667,0.51,0.1642,10,59,69
2011-06-02,3555,2,0,6,0,0,4,1,1,0.74,0.6515,0.4,0.3582,11,31,42
2011-06-02,3556,2,0,6,1,0,4,1,1,0.72,0.6515,0.38,0.1045,3,12,15
2011-06-02,3557,2,0,6,2,0,4,1,1,0.7,0.6364,0.39,0.0,0,6,6
2011-06-02,3558,2,0,6,3,0,4,1,1,0.66,0.6212,0.44,0.1045,0,4,4
2011-06-02,3559,2,0,6,4,0,4,1,1,0.66,0.6212,0.41,0.194,0,3,3
2011-06-02,3560,2,0,6,5,0,4,1,1,0.66,0.6212,0.39,0.2239,3,28,31
2011-06-02,3561,2,0,6,6,0,4,1,1,0.66,0.6212,0.39,0.1343,7,106,113
2011-06-02,3562,2,0,6,7,0,4,1,1,0.7,0.6364,0.34,0.2537,19,285,304
2011-06-02,3563,2,0,6,8,0,4,1,1,0.7,0.6364,0.32,0.2985,25,442,467
2011-06-02,3564,2,0,6,9,0,4,1,1,0.72,0.6364,0.26,0.3582,28,197,225
2011-06-02,3565,2,0,6,10,0,4,1,1,0.72,0.6515,0.28,0.4925,33,106,139
2011-06-02,3566,2,0,6,11,0,4,1,1,0.74,0.6515,0.28,0.3881,42,123,165
2011-06-02,3567,2,0,6,12,0,4,1,1,0.76,0.6667,0.25,0.4627,39,193,232
2011-06-02,3568,2,0,6,13,0,4,1,1,0.8,0.6818,0.24,0.3582,35,168,203
2011-06-02,3569,2,0,6,14,0,4,1,1,0.78,0.6667,0.24,0.3284,43,142,185
2011-06-02,3570,2,0,6,15,0,4,1,1,0.8,0.6818,0.21,0.3881,44,144,188
2011-06-02,3571,2,0,6,16,0,4,1,1,0.8,0.6818,0.22,0.4925,63,255,318
2011-06-02,3572,2,0,6,17,0,4,1,1,0.76,0.6515,0.2,0.5224,88,484,572
2011-06-02,3573,2,0,6,18,0,4,1,1,0.74,0.6515,0.22,0.3881,74,451,525
2011-06-02,3574,2,0,6,19,0,4,1,1,0.72,0.6364,0.23,0.2985,58,321,379
2011-06-02,3575,2,0,6,20,0,4,1,1,0.7,0.6364,0.24,0.194,51,286,337
2011-06-02,3576,2,0,6,21,0,4,1,1,0.66,0.6212,0.31,0.194,33,215,248
2011-06-02,3577,2,0,6,22,0,4,1,1,0.64,0.6212,0.33,0.2537,14,141,155
2011-06-02,3578,2,0,6,23,0,4,1,1,0.62,0.6212,0.35,0.2239,23,89,112
2011-06-03,3579,2,0,6,0,0,5,1,1,0.62,0.6212,0.38,0.2836,15,53,68
2011-06-03,3580,2,0,6,1,0,5,1,1,0.6,0.6212,0.38,0.3582,7,15,22
2011-06-03,3581,2,0,6,2,0,5,1,1,0.56,0.5303,0.43,0.2239,0,12,12
2011-06-03,3582,2,0,6,3,0,5,1,1,0.54,0.5152,0.49,0.2239,0,5,5
2011-06-03,3583,2,0,6,4,0,5,1,1,0.52,0.5,0.48,0.3284,1,5,6
2011-06-03,3584,2,0,6,5,0,5,1,1,0.52,0.5,0.48,0.3582,4,24,28
2011-06-03,3585,2,0,6,6,0,5,1,1,0.54,0.5152,0.45,0.2985,8,98,106
2011-06-03,3586,2,0,6,7,0,5,1,1,0.54,0.5152,0.45,0.2537,25,252,277
2011-06-03,3587,2,0,6,8,0,5,1,2,0.56,0.5303,0.43,0.3284,31,471,502
2011-06-03,3588,2,0,6,9,0,5,1,1,0.58,0.5455,0.4,0.1642,36,194,230
2011-06-03,3589,2,0,6,10,0,5,1,1,0.62,0.6212,0.33,0.2537,54,107,161
2011-06-03,3590,2,0,6,11,0,5,1,1,0.64,0.6212,0.31,0.3284,57,135,192
2011-06-03,3591,2,0,6,12,0,5,1,1,0.66,0.6212,0.27,0.2836,51,208,259
2011-06-03,3592,2,0,6,13,0,5,1,1,0.68,0.6212,0.26,0.2537,58,190,248
2011-06-03,3593,2,0,6,14,0,5,1,1,0.7,0.6364,0.28,0.2836,66,174,240
2011-06-03,3594,2,0,6,15,0,5,1,1,0.7,0.6364,0.28,0.2836,56,156,212
2011-06-03,3595,2,0,6,16,0,5,1,1,0.72,0.6364,0.26,0.3284,63,286,349
2011-06-03,3596,2,0,6,17,0,5,1,1,0.72,0.6364,0.25,0.2836,73,485,558
2011-06-03,3597,2,0,6,18,0,5,1,1,0.7,0.6364,0.24,0.2985,76,488,564
2011-06-03,3598,2,0,6,19,0,5,1,1,0.68,0.6212,0.26,0.2836,53,338,391
2011-06-03,3599,2,0,6,20,0,5,1,1,0.64,0.6212,0.29,0.1642,57,236,293
2011-06-03,3600,2,0,6,21,0,5,1,1,0.64,0.6212,0.29,0.1045,51,196,247
2011-06-03,3601,2,0,6,22,0,5,1,1,0.62,0.6212,0.35,0.0,26,145,171
2011-06-03,3602,2,0,6,23,0,5,1,1,0.58,0.5455,0.46,0.1045,30,141,171
2011-06-04,3603,2,0,6,0,0,6,0,1,0.56,0.5303,0.52,0.0,24,69,93
2011-06-04,3604,2,0,6,1,0,6,0,1,0.54,0.5152,0.64,0.1045,14,80,94
2011-06-04,3605,2,0,6,2,0,6,0,1,0.54,0.5152,0.56,0.194,18,41,59
2011-06-04,3606,2,0,6,3,0,6,0,1,0.52,0.5,0.59,0.1045,8,10,18
2011-06-04,3607,2,0,6,4,0,6,0,1,0.52,0.5,0.59,0.0896,4,11,15
2011-06-04,3608,2,0,6,5,0,6,0,1,0.5,0.4848,0.64,0.0,3,5,8
2011-06-04,3609,2,0,6,6,0,6,0,1,0.54,0.5152,0.6,0.0,11,17,28
2011-06-04,3610,2,0,6,7,0,6,0,1,0.56,0.5303,0.56,0.0,27,60,87
2011-06-04,3611,2,0,6,8,0,6,0,1,0.6,0.6212,0.46,0.0896,29,96,125
2011-06-04,3612,2,0,6,9,0,6,0,1,0.62,0.6212,0.43,0.1343,55,169,224
2011-06-04,3613,2,0,6,10,0,6,0,1,0.64,0.6212,0.38,0.1045,115,202,317
2011-06-04,3614,2,0,6,11,0,6,0,1,0.66,0.6212,0.36,0.1343,120,249,369
2011-06-04,3615,2,0,6,12,0,6,0,1,0.7,0.6364,0.32,0.1642,150,270,420
2011-06-04,3616,2,0,6,13,0,6,0,1,0.74,0.6515,0.28,0.1343,188,268,456
2011-06-04,3617,2,0,6,14,0,6,0,1,0.74,0.6515,0.33,0.2239,193,258,451
2011-06-04,3618,2,0,6,15,0,6,0,2,0.74,0.6515,0.27,0.4179,180,224,404
2011-06-04,3619,2,0,6,16,0,6,0,2,0.72,0.6515,0.3,0.1343,168,272,440
2011-06-04,3620,2,0,6,17,0,6,0,2,0.72,0.6515,0.34,0.2537,142,202,344
2011-06-04,3621,2,0,6,18,0,6,0,2,0.74,0.6515,0.3,0.1642,127,214,341
2011-06-04,3622,2,0,6,19,0,6,0,2,0.7,0.6364,0.39,0.0896,79,206,285
2011-06-04,3623,2,0,6,20,0,6,0,2,0.7,0.6515,0.48,0.0896,90,149,239
2011-06-04,3624,2,0,6,21,0,6,0,2,0.66,0.6212,0.47,0.1045,46,139,185
2011-06-04,3625,2,0,6,22,0,6,0,1,0.64,0.6212,0.57,0.2239,49,141,190
2011-06-04,3626,2,0,6,23,0,6,0,2,0.64,0.6212,0.57,0.0,29,121,150
2011-06-05,3627,2,0,6,0,0,0,0,1,0.64,0.6212,0.57,0.0896,23,90,113
2011-06-05,3628,2,0,6,1,0,0,0,2,0.64,0.6212,0.61,0.1642,26,70,96
2011-06-05,3629,2,0,6,2,0,0,0,2,0.64,0.6212,0.61,0.1642,16,48,64
2011-06-05,3630,2,0,6,3,0,0,0,2,0.62,0.6061,0.65,0.1642,22,25,47
2011-06-05,3631,2,0,6,4,0,0,0,2,0.62,0.6061,0.65,0.1642,4,8,12
2011-06-05,3632,2,0,6,5,0,0,0,2,0.62,0.6061,0.61,0.1343,1,5,6
2011-06-05,3633,2,0,6,6,0,0,0,2,0.62,0.6061,0.61,0.1045,10,11,21
2011-06-05,3634,2,0,6,7,0,0,0,2,0.6,0.5909,0.73,0.2537,8,19,27
2011-06-05,3635,2,0,6,8,0,0,0,2,0.6,0.5909,0.73,0.2537,24,74,98
2011-06-05,3636,2,0,6,9,0,0,0,2,0.6,0.5758,0.78,0.194,53,111,164
2011-06-05,3637,2,0,6,10,0,0,0,2,0.62,0.5909,0.73,0.0896,83,168,251
2011-06-05,3638,2,0,6,11,0,0,0,2,0.64,0.6061,0.69,0.1045,121,214,335
2011-06-05,3639,2,0,6,12,0,0,0,2,0.64,0.6061,0.69,0.1045,123,212,335
2011-06-05,3640,2,0,6,13,0,0,0,1,0.66,0.6212,0.65,0.1045,154,213,367
2011-06-05,3641,2,0,6,14,0,0,0,1,0.7,0.6515,0.58,0.1642,161,224,385
2011-06-05,3642,2,0,6,15,0,0,0,1,0.7,0.6515,0.54,0.0,161,256,417
2011-06-05,3643,2,0,6,16,0,0,0,1,0.72,0.6667,0.51,0.0896,138,260,398
2011-06-05,3644,2,0,6,17,0,0,0,1,0.74,0.6667,0.51,0.0,126,264,390
2011-06-05,3645,2,0,6,18,0,0,0,1,0.7,0.6515,0.58,0.1045,124,239,363
2011-06-05,3646,2,0,6,19,0,0,0,1,0.68,0.6364,0.65,0.1642,108,249,357
2011-06-05,3647,2,0,6,20,0,0,0,1,0.66,0.6212,0.69,0.194,84,195,279
2011-06-05,3648,2,0,6,21,0,0,0,1,0.64,0.6061,0.73,0.1642,54,111,165
2011-06-05,3649,2,0,6,22,0,0,0,1,0.64,0.5909,0.78,0.2239,36,94,130
2011-06-05,3650,2,0,6,23,0,0,0,1,0.62,0.5909,0.78,0.1343,25,61,86
2011-06-06,3651,2,0,6,0,0,1,1,1,0.62,0.5909,0.78,0.1343,11,18,29
2011-06-06,3652,2,0,6,1,0,1,1,1,0.6,0.5606,0.83,0.1343,9,5,14
2011-06-06,3653,2,0,6,2,0,1,1,1,0.58,0.5455,0.88,0.1045,4,4,8
2011-06-06,3654,2,0,6,3,0,1,1,1,0.58,0.5455,0.88,0.0,2,3,5
2011-06-06,3655,2,0,6,4,0,1,1,1,0.56,0.5303,0.94,0.1045,4,4,8
2011-06-06,3656,2,0,6,5,0,1,1,1,0.56,0.5303,0.88,0.0896,7,24,31
2011-06-06,3657,2,0,6,6,0,1,1,1,0.58,0.5455,0.88,0.0,11,101,112
2011-06-06,3658,2,0,6,7,0,1,1,1,0.62,0.5909,0.78,0.1045,18,281,299
2011-06-06,3659,2,0,6,8,0,1,1,1,0.64,0.6061,0.73,0.0896,28,410,438
2011-06-06,3660,2,0,6,9,0,1,1,1,0.7,0.6515,0.58,0.1642,26,162,188
2011-06-06,3661,2,0,6,10,0,1,1,1,0.72,0.6667,0.51,0.2239,31,64,95
2011-06-06,3662,2,0,6,11,0,1,1,1,0.74,0.6667,0.42,0.1343,39,72,111
2011-06-06,3663,2,0,6,12,0,1,1,1,0.76,0.6667,0.37,0.1642,25,128,153
2011-06-06,3664,2,0,6,13,0,1,1,1,0.78,0.6818,0.35,0.0,28,152,180
2011-06-06,3665,2,0,6,14,0,1,1,1,0.78,0.6818,0.31,0.1343,46,99,145
2011-06-06,3666,2,0,6,15,0,1,1,1,0.8,0.697,0.29,0.194,38,127,165
2011-06-06,3667,2,0,6,16,0,1,1,1,0.76,0.6667,0.33,0.1343,34,233,267
2011-06-06,3668,2,0,6,17,0,1,1,1,0.78,0.6818,0.33,0.2836,63,516,579
2011-06-06,3669,2,0,6,18,0,1,1,1,0.76,0.6667,0.31,0.1343,56,500,556
2011-06-06,3670,2,0,6,19,0,1,1,1,0.72,0.6667,0.54,0.194,64,343,407
2011-06-06,3671,2,0,6,20,0,1,1,1,0.68,0.6364,0.61,0.1343,59,277,336
2011-06-06,3672,2,0,6,21,0,1,1,1,0.66,0.6212,0.57,0.0896,29,160,189
2011-06-06,3673,2,0,6,22,0,1,1,1,0.66,0.6212,0.61,0.0896,36,137,173
2011-06-06,3674,2,0,6,23,0,1,1,1,0.64,0.6061,0.69,0.0896,5,55,60
2011-06-07,3675,2,0,6,0,0,2,1,1,0.64,0.6061,0.65,0.0896,5,15,20
2011-06-07,3676,2,0,6,1,0,2,1,1,0.62,0.6061,0.69,0.1343,2,2,4
2011-06-07,3677,2,0,6,2,0,2,1,1,0.6,0.5909,0.73,0.0896,3,2,5
2011-06-07,3678,2,0,6,3,0,2,1,1,0.6,0.5909,0.73,0.0896,1,1,2
2011-06-07,3679,2,0,6,4,0,2,1,1,0.58,0.5455,0.83,0.1343,2,3,5
2011-06-07,3680,2,0,6,5,0,2,1,1,0.58,0.5455,0.88,0.1642,2,30,32
2011-06-07,3681,2,0,6,6,0,2,1,1,0.6,0.5758,0.78,0.1343,10,116,126
2011-06-07,3682,2,0,6,7,0,2,1,2,0.64,0.6061,0.69,0.194,23,311,334
2011-06-07,3683,2,0,6,8,0,2,1,2,0.68,0.6364,0.61,0.1343,45,432,477
2011-06-07,3684,2,0,6,9,0,2,1,2,0.72,0.6667,0.58,0.2239,27,190,217
2011-06-07,3685,2,0,6,10,0,2,1,2,0.76,0.6818,0.48,0.194,37,86,123
2011-06-07,3686,2,0,6,11,0,2,1,2,0.76,0.697,0.52,0.2537,38,113,151
2011-06-07,3687,2,0,6,12,0,2,1,2,0.8,0.7273,0.46,0.2836,42,141,183
2011-06-07,3688,2,0,6,13,0,2,1,2,0.8,0.7273,0.43,0.2537,55,141,196
2011-06-07,3689,2,0,6,14,0,2,1,2,0.8,0.7273,0.43,0.2836,34,112,146
2011-06-07,3690,2,0,6,15,0,2,1,2,0.82,0.7424,0.41,0.3284,56,127,183
2011-06-07,3691,2,0,6,16,0,2,1,1,0.8,0.7121,0.38,0.2239,55,253,308
2011-06-07,3692,2,0,6,17,0,2,1,1,0.8,0.7273,0.43,0.2537,64,475,539
2011-06-07,3693,2,0,6,18,0,2,1,1,0.78,0.697,0.46,0.2836,72,479,551
2011-06-07,3694,2,0,6,19,0,2,1,1,0.76,0.6818,0.48,0.2537,69,355,424
2011-06-07,3695,2,0,6,20,0,2,1,1,0.74,0.6818,0.56,0.1343,45,301,346
2011-06-07,3696,2,0,6,21,0,2,1,1,0.72,0.6818,0.7,0.1343,31,187,218
2011-06-07,3697,2,0,6,22,0,2,1,1,0.7,0.6515,0.65,0.1343,27,126,153
2011-06-07,3698,2,0,6,23,0,2,1,1,0.68,0.6364,0.79,0.1045,18,72,90
2011-06-08,3699,2,0,6,0,0,3,1,1,0.66,0.5909,0.89,0.1343,12,29,41
2011-06-08,3700,2,0,6,1,0,3,1,1,0.66,0.6061,0.78,0.0,3,20,23
2011-06-08,3701,2,0,6,2,0,3,1,1,0.64,0.5758,0.89,0.0896,0,7,7
2011-06-08,3702,2,0,6,3,0,3,1,1,0.64,0.5758,0.89,0.0896,2,1,3
2011-06-08,3703,2,0,6,4,0,3,1,1,0.62,0.5758,0.83,0.0,0,6,6
2011-06-08,3704,2,0,6,5,0,3,1,1,0.62,0.5606,0.88,0.0,0,21,21
2011-06-08,3705,2,0,6,6,0,3,1,1,0.64,0.5758,0.89,0.1343,13,103,116
2011-06-08,3706,2,0,6,7,0,3,1,1,0.66,0.6212,0.74,0.1045,24,329,353
2011-06-08,3707,2,0,6,8,0,3,1,1,0.76,0.7121,0.58,0.1642,46,435,481
2011-06-08,3708,2,0,6,9,0,3,1,1,0.76,0.7121,0.58,0.1642,34,168,202
2011-06-08,3709,2,0,6,10,0,3,1,1,0.82,0.7424,0.43,0.2239,27,63,90
2011-06-08,3710,2,0,6,11,0,3,1,1,0.84,0.7576,0.41,0.194,28,106,134
2011-06-08,3711,2,0,6,12,0,3,1,1,0.88,0.8182,0.42,0.1343,15,134,149
2011-06-08,3712,2,0,6,13,0,3,1,1,0.9,0.8485,0.42,0.0,20,116,136
2011-06-08,3713,2,0,6,14,0,3,1,1,0.92,0.8788,0.4,0.2537,44,111,155
2011-06-08,3714,2,0,6,15,0,3,1,1,0.92,0.8788,0.4,0.1642,28,100,128
2011-06-08,3715,2,0,6,16,0,3,1,1,0.92,0.8788,0.4,0.2239,34,199,233
2011-06-08,3716,2,0,6,17,0,3,1,1,0.92,0.8485,0.35,0.2239,80,426,506
2011-06-08,3717,2,0,6,18,0,3,1,1,0.9,0.8182,0.37,0.2239,61,398,459
2011-06-08,3718,2,0,6,19,0,3,1,1,0.82,0.803,0.59,0.1343,61,323,384
2011-06-08,3719,2,0,6,20,0,3,1,1,0.8,0.7879,0.63,0.1343,55,225,280
2011-06-08,3720,2,0,6,21,0,3,1,1,0.8,0.803,0.66,0.1343,34,168,202
2011-06-08,3721,2,0,6,22,0,3,1,1,0.76,0.7424,0.75,0.1642,37,139,176
2011-06-08,3722,2,0,6,23,0,3,1,1,0.76,0.7424,0.75,0.194,18,98,116
2011-06-09,3723,2,0,6,0,0,4,1,2,0.74,0.7121,0.79,0.1343,7,40,47
2011-06-09,3724,2,0,6,1,0,4,1,1,0.74,0.7121,0.79,0.1045,3,13,16
2011-06-09,3725,2,0,6,2,0,4,1,2,0.72,0.7121,0.84,0.1642,0,6,6
2011-06-09,3726,2,0,6,3,0,4,1,2,0.72,0.7121,0.84,0.1045,0,2,2
2011-06-09,3727,2,0,6,4,0,4,1,2,0.72,0.697,0.79,0.0896,2,4,6
2011-06-09,3728,2,0,6,5,0,4,1,2,0.7,0.6667,0.84,0.0,1,19,20
2011-06-09,3729,2,0,6,6,0,4,1,2,0.72,0.7121,0.84,0.0896,13,105,118
2011-06-09,3730,2,0,6,7,0,4,1,2,0.72,0.697,0.79,0.1343,31,283,314
2011-06-09,3731,2,0,6,8,0,4,1,2,0.76,0.7273,0.7,0.1045,32,400,432
2011-06-09,3732,2,0,6,9,0,4,1,1,0.84,0.7879,0.49,0.0,20,148,168
2011-06-09,3733,2,0,6,10,0,4,1,1,0.86,0.8182,0.5,0.2836,20,74,94
2011-06-09,3734,2,0,6,11,0,4,1,1,0.9,0.8485,0.42,0.2239,36,82,118
2011-06-09,3735,2,0,6,12,0,4,1,1,0.92,0.8485,0.35,0.194,40,100,140
2011-06-09,3736,2,0,6,13,0,4,1,1,0.9,0.8182,0.37,0.0896,18,118,136
2011-06-09,3737,2,0,6,14,0,4,1,1,0.92,0.8788,0.4,0.194,25,93,118
2011-06-09,3738,2,0,6,15,0,4,1,1,0.94,0.8333,0.31,0.1642,18,86,104
2011-06-09,3739,2,0,6,16,0,4,1,1,0.92,0.8333,0.33,0.1343,30,170,200
2011-06-09,3740,2,0,6,17,0,4,1,1,0.9,0.8182,0.37,0.2537,54,355,409
2011-06-09,3741,2,0,6,18,0,4,1,1,0.88,0.803,0.39,0.2836,52,414,466
2011-06-09,3742,2,0,6,19,0,4,1,2,0.84,0.7424,0.39,0.3284,55,271,326
2011-06-09,3743,2,0,6,20,0,4,1,2,0.8,0.7273,0.43,0.194,40,214,254
2011-06-09,3744,2,0,6,21,0,4,1,3,0.76,0.697,0.52,0.0,29,142,171
2011-06-09,3745,2,0,6,22,0,4,1,2,0.74,0.6818,0.58,0.1642,22,131,153
2011-06-09,3746,2,0,6,23,0,4,1,2,0.74,0.697,0.57,0.1642,15,82,97
2011-06-10,3747,2,0,6,0,0,5,1,3,0.7,0.6515,0.65,0.2239,8,61,69
2011-06-10,3748,2,0,6,1,0,5,1,3,0.7,0.6515,0.65,0.2239,5,18,23
2011-06-10,3749,2,0,6,2,0,5,1,1,0.68,0.6364,0.69,0.1642,6,7,13
2011-06-10,3750,2,0,6,3,0,5,1,1,0.68,0.6364,0.69,0.1642,3,3,6
2011-06-10,3751,2,0,6,4,0,5,1,1,0.66,0.6061,0.78,0.1642,0,4,4
2011-06-10,3752,2,0,6,5,0,5,1,1,0.66,0.6061,0.78,0.1642,0,28,28
2011-06-10,3753,2,0,6,6,0,5,1,1,0.66,0.6061,0.78,0.0896,10,94,104
2011-06-10,3754,2,0,6,7,0,5,1,1,0.72,0.6818,0.66,0.1045,25,242,267
2011-06-10,3755,2,0,6,8,0,5,1,1,0.74,0.6818,0.58,0.1343,29,423,452
2011-06-10,3756,2,0,6,9,0,5,1,1,0.76,0.697,0.55,0.0,37,176,213
2011-06-10,3757,2,0,6,10,0,5,1,1,0.78,0.7121,0.52,0.0,23,88,111
2011-06-10,3758,2,0,6,11,0,5,1,1,0.82,0.7576,0.46,0.0,46,107,153
2011-06-10,3759,2,0,6,12,0,5,1,1,0.84,0.7576,0.44,0.1343,40,167,207
2011-06-10,3760,2,0,6,13,0,5,1,1,0.84,0.7576,0.44,0.1045,40,149,189
2011-06-10,3761,2,0,6,14,0,5,1,1,0.86,0.7727,0.39,0.0,44,121,165
2011-06-10,3762,2,0,6,15,0,5,1,1,0.84,0.7576,0.44,0.1045,49,163,212
2011-06-10,3763,2,0,6,16,0,5,1,1,0.82,0.7879,0.56,0.2985,46,239,285
2011-06-10,3764,2,0,6,17,0,5,1,1,0.82,0.7727,0.52,0.2239,63,454,517
2011-06-10,3765,2,0,6,18,0,5,1,1,0.8,0.7727,0.59,0.2239,96,367,463
2011-06-10,3766,2,0,6,19,0,5,1,1,0.78,0.7424,0.59,0.194,61,245,306
2011-06-10,3767,2,0,6,20,0,5,1,1,0.76,0.7121,0.62,0.1045,53,197,250
2011-06-10,3768,2,0,6,21,0,5,1,1,0.76,0.7273,0.66,0.1343,55,163,218
2011-06-10,3769,2,0,6,22,0,5,1,1,0.72,0.697,0.74,0.2537,40,145,185
2011-06-10,3770,2,0,6,23,0,5,1,1,0.72,0.697,0.74,0.1642,36,110,146
2011-06-11,3771,2,0,6,0,0,6,0,1,0.7,0.6667,0.79,0.1343,28,89,117
2011-06-11,3772,2,0,6,1,0,6,0,1,0.7,0.6667,0.79,0.0896,10,67,77
2011-06-11,3773,2,0,6,2,0,6,0,1,0.7,0.6667,0.79,0.1045,10,50,60
2011-06-11,3774,2,0,6,3,0,6,0,1,0.68,0.6364,0.83,0.0896,10,18,28
2011-06-11,3775,2,0,6,4,0,6,0,1,0.68,0.6364,0.79,0.0896,4,9,13
2011-06-11,3776,2,0,6,5,0,6,0,1,0.68,0.6364,0.74,0.1343,4,12,16
2011-06-11,3777,2,0,6,6,0,6,0,1,0.7,0.6515,0.61,0.1343,9,31,40
2011-06-11,3778,2,0,6,7,0,6,0,1,0.72,0.6667,0.58,0.194,18,50,68
2011-06-11,3779,2,0,6,8,0,6,0,1,0.74,0.6818,0.58,0.194,32,111,143
2011-06-11,3780,2,0,6,9,0,6,0,1,0.74,0.6818,0.62,0.1343,59,171,230
2011-06-11,3781,2,0,6,10,0,6,0,1,0.74,0.6818,0.58,0.1642,91,173,264
2011-06-11,3782,2,0,6,11,0,6,0,1,0.76,0.7121,0.62,0.1343,110,215,325
2011-06-11,3783,2,0,6,12,0,6,0,1,0.8,0.7576,0.55,0.2239,112,235,347
2011-06-11,3784,2,0,6,13,0,6,0,1,0.8,0.7576,0.55,0.194,150,237,387
2011-06-11,3785,2,0,6,14,0,6,0,1,0.82,0.7727,0.49,0.1045,148,232,380
2011-06-11,3786,2,0,6,15,0,6,0,1,0.82,0.7727,0.49,0.1045,142,232,374
2011-06-11,3787,2,0,6,16,0,6,0,2,0.8,0.7273,0.46,0.194,169,225,394
2011-06-11,3788,2,0,6,17,0,6,0,2,0.74,0.6818,0.58,0.1642,147,190,337
2011-06-11,3789,2,0,6,18,0,6,0,2,0.72,0.6818,0.62,0.1343,131,155,286
2011-06-11,3790,2,0,6,19,0,6,0,1,0.7,0.6515,0.65,0.194,97,167,264
2011-06-11,3791,2,0,6,20,0,6,0,1,0.68,0.6364,0.74,0.2537,95,180,275
2011-06-11,3792,2,0,6,21,0,6,0,1,0.66,0.6212,0.74,0.2239,76,144,220
2011-06-11,3793,2,0,6,22,0,6,0,1,0.66,0.6061,0.78,0.2239,53,137,190
2011-06-11,3794,2,0,6,23,0,6,0,1,0.66,0.6212,0.74,0.1045,24,107,131
2011-06-12,3795,2,0,6,0,0,0,0,1,0.66,0.6061,0.78,0.2239,19,100,119
2011-06-12,3796,2,0,6,1,0,0,0,1,0.64,0.5758,0.83,0.1045,19,74,93
2011-06-12,3797,2,0,6,2,0,0,0,1,0.64,0.5758,0.89,0.2537,9,57,66
2011-06-12,3798,2,0,6,3,0,0,0,1,0.64,0.5758,0.89,0.2836,8,20,28
2011-06-12,3799,2,0,6,4,0,0,0,1,0.62,0.5606,0.88,0.1642,8,6,14
2011-06-12,3800,2,0,6,5,0,0,0,1,0.62,0.5606,0.88,0.2239,5,5,10
2011-06-12,3801,2,0,6,6,0,0,0,1,0.62,0.5606,0.88,0.1045,5,9,14
2011-06-12,3802,2,0,6,7,0,0,0,1,0.64,0.5909,0.78,0.1045,7,27,34
2011-06-12,3803,2,0,6,8,0,0,0,1,0.7,0.6667,0.74,0.0,28,64,92
2011-06-12,3804,2,0,6,9,0,0,0,1,0.72,0.6818,0.66,0.0,75,107,182
2011-06-12,3805,2,0,6,10,0,0,0,1,0.76,0.7121,0.58,0.0896,120,191,311
2011-06-12,3806,2,0,6,11,0,0,0,1,0.78,0.7273,0.55,0.1045,131,236,367
2011-06-12,3807,2,0,6,12,0,0,0,1,0.82,0.7576,0.46,0.0,176,244,420
2011-06-12,3808,2,0,6,13,0,0,0,1,0.78,0.7424,0.59,0.2836,109,264,373
2011-06-12,3809,2,0,6,14,0,0,0,1,0.82,0.7879,0.56,0.2537,96,219,315
2011-06-12,3810,2,0,6,15,0,0,0,1,0.8,0.7727,0.59,0.2985,142,218,360
2011-06-12,3811,2,0,6,16,0,0,0,3,0.68,0.6364,0.83,0.2836,115,235,350
2011-06-12,3812,2,0,6,17,0,0,0,3,0.68,0.6364,0.83,0.2836,94,158,252
2011-06-12,3813,2,0,6,18,0,0,0,1,0.7,0.6667,0.74,0.1642,69,187,256
2011-06-12,3814,2,0,6,19,0,0,0,1,0.7,0.6667,0.74,0.1045,67,156,223
2011-06-12,3815,2,0,6,20,0,0,0,1,0.66,0.6061,0.83,0.1642,62,144,206
2011-06-12,3816,2,0,6,21,0,0,0,1,0.66,0.6061,0.83,0.1045,39,101,140
2011-06-12,3817,2,0,6,22,0,0,0,1,0.64,0.5758,0.83,0.1343,31,97,128
2011-06-12,3818,2,0,6,23,0,0,0,1,0.64,0.5909,0.78,0.194,33,74,107
2011-06-13,3819,2,0,6,0,0,1,1,1,0.64,0.5909,0.78,0.1343,8,20,28
2011-06-13,3820,2,0,6,1,0,1,1,1,0.64,0.6061,0.73,0.2239,6,10,16
2011-06-13,3821,2,0,6,2,0,1,1,1,0.62,0.5909,0.73,0.2836,2,8,10
2011-06-13,3822,2,0,6,3,0,1,1,1,0.6,0.6061,0.6,0.4925,1,6,7
2011-06-13,3823,2,0,6,4,0,1,1,1,0.56,0.5303,0.64,0.2985,1,3,4
2011-06-13,3824,2,0,6,5,0,1,1,1,0.54,0.5152,0.64,0.3881,2,27,29
2011-06-13,3825,2,0,6,6,0,1,1,1,0.54,0.5152,0.64,0.4179,7,98,105
2011-06-13,3826,2,0,6,7,0,1,1,1,0.56,0.5303,0.56,0.3582,26,302,328
2011-06-13,3827,2,0,6,8,0,1,1,1,0.58,0.5455,0.49,0.4478,44,432,476
2011-06-13,3828,2,0,6,9,0,1,1,1,0.62,0.6212,0.46,0.3582,35,189,224
2011-06-13,3829,2,0,6,10,0,1,1,1,0.64,0.6212,0.41,0.3284,38,80,118
2011-06-13,3830,2,0,6,11,0,1,1,1,0.66,0.6212,0.41,0.2985,53,106,159
2011-06-13,3831,2,0,6,12,0,1,1,1,0.66,0.6212,0.41,0.2836,35,161,196
2011-06-13,3832,2,0,6,13,0,1,1,1,0.7,0.6364,0.37,0.0,53,174,227
2011-06-13,3833,2,0,6,14,0,1,1,1,0.7,0.6364,0.34,0.2537,55,145,200
2011-06-13,3834,2,0,6,15,0,1,1,1,0.7,0.6364,0.37,0.4478,58,127,185
2011-06-13,3835,2,0,6,16,0,1,1,1,0.7,0.6364,0.37,0.4179,64,262,326
2011-06-13,3836,2,0,6,17,0,1,1,1,0.7,0.6364,0.39,0.3284,72,529,601
2011-06-13,3837,2,0,6,18,0,1,1,1,0.7,0.6364,0.37,0.3582,76,510,586
2011-06-13,3838,2,0,6,19,0,1,1,1,0.66,0.6212,0.39,0.2836,75,348,423
2011-06-13,3839,2,0,6,20,0,1,1,1,0.64,0.6212,0.44,0.2537,78,253,331
2011-06-13,3840,2,0,6,21,0,1,1,1,0.64,0.6212,0.41,0.2537,40,178,218
2011-06-13,3841,2,0,6,22,0,1,1,1,0.62,0.6212,0.46,0.2239,20,114,134
2011-06-13,3842,2,0,6,23,0,1,1,1,0.62,0.6212,0.46,0.194,14,75,89
2011-06-14,3843,2,0,6,0,0,2,1,1,0.6,0.6212,0.49,0.194,13,18,31
2011-06-14,3844,2,0,6,1,0,2,1,1,0.6,0.6212,0.49,0.2537,3,10,13
2011-06-14,3845,2,0,6,2,0,2,1,1,0.6,0.6212,0.49,0.2836,2,8,10
2011-06-14,3846,2,0,6,3,0,2,1,1,0.58,0.5455,0.53,0.3284,1,1,2
2011-06-14,3847,2,0,6,4,0,2,1,1,0.54,0.5152,0.6,0.2537,0,3,3
2011-06-14,3848,2,0,6,5,0,2,1,1,0.54,0.5152,0.56,0.3284,3,23,26
2011-06-14,3849,2,0,6,6,0,2,1,1,0.54,0.5152,0.56,0.2985,6,107,113
2011-06-14,3850,2,0,6,7,0,2,1,1,0.56,0.5303,0.52,0.4179,19,346,365
2011-06-14,3851,2,0,6,8,0,2,1,1,0.58,0.5455,0.49,0.3881,45,441,486
2011-06-14,3852,2,0,6,9,0,2,1,1,0.62,0.6212,0.46,0.194,19,174,193
2011-06-14,3853,2,0,6,10,0,2,1,1,0.62,0.6212,0.46,0.2239,33,97,130
2011-06-14,3854,2,0,6,11,0,2,1,1,0.64,0.6212,0.41,0.2836,40,103,143
2011-06-14,3855,2,0,6,12,0,2,1,1,0.64,0.6212,0.41,0.3582,30,139,169
2011-06-14,3856,2,0,6,13,0,2,1,1,0.64,0.6212,0.44,0.2239,33,176,209
2011-06-14,3857,2,0,6,14,0,2,1,2,0.64,0.6212,0.47,0.194,41,118,159
2011-06-14,3858,2,0,6,15,0,2,1,1,0.64,0.6212,0.47,0.1642,42,136,178
2011-06-14,3859,2,0,6,16,0,2,1,1,0.68,0.6364,0.41,0.194,51,279,330
2011-06-14,3860,2,0,6,17,0,2,1,3,0.64,0.6212,0.5,0.2836,85,484,569
2011-06-14,3861,2,0,6,18,0,2,1,1,0.62,0.6212,0.51,0.3284,65,473,538
2011-06-14,3862,2,0,6,19,0,2,1,1,0.64,0.6212,0.5,0.3582,51,335,386
2011-06-14,3863,2,0,6,20,0,2,1,1,0.6,0.6212,0.56,0.1642,60,237,297
2011-06-14,3864,2,0,6,21,0,2,1,1,0.6,0.6212,0.56,0.2985,37,206,243
2011-06-14,3865,2,0,6,22,0,2,1,1,0.58,0.5455,0.6,0.2239,29,159,188
2011-06-14,3866,2,0,6,23,0,2,1,1,0.56,0.5303,0.68,0.2239,19,91,110
2011-06-15,3867,2,0,6,0,0,3,1,1,0.56,0.5303,0.64,0.3582,8,44,52
2011-06-15,3868,2,0,6,1,0,3,1,1,0.54,0.5152,0.64,0.2836,0,14,14
2011-06-15,3869,2,0,6,2,0,3,1,1,0.52,0.5,0.63,0.2239,0,9,9
2011-06-15,3870,2,0,6,3,0,3,1,1,0.5,0.4848,0.68,0.2537,0,1,1
2011-06-15,3871,2,0,6,4,0,3,1,1,0.5,0.4848,0.63,0.2836,0,4,4
2011-06-15,3872,2,0,6,5,0,3,1,1,0.48,0.4697,0.67,0.2836,1,20,21
2011-06-15,3873,2,0,6,6,0,3,1,1,0.5,0.4848,0.63,0.2537,11,110,121
2011-06-15,3874,2,0,6,7,0,3,1,1,0.54,0.5152,0.6,0.1343,22,348,370
2011-06-15,3875,2,0,6,8,0,3,1,1,0.58,0.5455,0.53,0.1343,53,445,498
2011-06-15,3876,2,0,6,9,0,3,1,1,0.6,0.6212,0.49,0.0,22,185,207
2011-06-15,3877,2,0,6,10,0,3,1,1,0.64,0.6212,0.47,0.1642,27,108,135
2011-06-15,3878,2,0,6,11,0,3,1,1,0.68,0.6364,0.36,0.0,49,115,164
2011-06-15,3879,2,0,6,12,0,3,1,1,0.7,0.6364,0.34,0.2239,33,178,211
2011-06-15,3880,2,0,6,13,0,3,1,1,0.74,0.6515,0.28,0.2836,43,146,189
2011-06-15,3881,2,0,6,14,0,3,1,1,0.74,0.6515,0.28,0.0,50,128,178
2011-06-15,3882,2,0,6,15,0,3,1,1,0.76,0.6667,0.27,0.0,33,131,164
2011-06-15,3883,2,0,6,16,0,3,1,1,0.76,0.6667,0.27,0.1343,47,265,312
2011-06-15,3884,2,0,6,17,0,3,1,1,0.74,0.6515,0.28,0.1045,83,555,638
2011-06-15,3885,2,0,6,18,0,3,1,1,0.72,0.6515,0.32,0.1343,80,527,607
2011-06-15,3886,2,0,6,19,0,3,1,1,0.7,0.6364,0.37,0.2836,54,362,416
2011-06-15,3887,2,0,6,20,0,3,1,1,0.66,0.6212,0.44,0.1642,57,273,330
2011-06-15,3888,2,0,6,21,0,3,1,1,0.64,0.6212,0.47,0.2239,48,209,257
2011-06-15,3889,2,0,6,22,0,3,1,1,0.62,0.6212,0.5,0.1045,31,144,175
2011-06-15,3890,2,0,6,23,0,3,1,1,0.62,0.6212,0.53,0.0,17,90,107
2011-06-16,3891,2,0,6,0,0,4,1,1,0.6,0.6212,0.56,0.1045,9,38,47
2011-06-16,3892,2,0,6,1,0,4,1,1,0.58,0.5455,0.6,0.0,4,13,17
2011-06-16,3893,2,0,6,2,0,4,1,1,0.6,0.6212,0.56,0.0896,1,4,5
2011-06-16,3894,2,0,6,3,0,4,1,2,0.56,0.5303,0.73,0.0896,0,4,4
2011-06-16,3895,2,0,6,4,0,4,1,2,0.56,0.5303,0.68,0.1045,0,6,6
2011-06-16,3896,2,0,6,5,0,4,1,1,0.6,0.6061,0.64,0.194,7,18,25
2011-06-16,3897,2,0,6,6,0,4,1,3,0.58,0.5455,0.73,0.1642,8,104,112
2011-06-16,3898,2,0,6,7,0,4,1,3,0.56,0.5303,0.78,0.1642,16,172,188
2011-06-16,3899,2,0,6,8,0,4,1,2,0.6,0.5909,0.69,0.1343,24,364,388
2011-06-16,3900,2,0,6,9,0,4,1,2,0.62,0.6061,0.65,0.194,29,232,261
2011-06-16,3901,2,0,6,10,0,4,1,2,0.66,0.6212,0.61,0.2537,18,103,121
2011-06-16,3902,2,0,6,11,0,4,1,2,0.68,0.6364,0.61,0.2985,33,117,150
2011-06-16,3903,2,0,6,12,0,4,1,1,0.72,0.6667,0.54,0.3881,41,165,206
2011-06-16,3904,2,0,6,13,0,4,1,2,0.72,0.6667,0.54,0.2537,37,114,151
2011-06-16,3905,2,0,6,14,0,4,1,2,0.72,0.6667,0.54,0.3284,39,114,153
2011-06-16,3906,2,0,6,15,0,4,1,2,0.7,0.6515,0.61,0.2985,32,127,159
2011-06-16,3907,2,0,6,16,0,4,1,3,0.66,0.6212,0.69,0.194,36,258,294
2011-06-16,3908,2,0,6,17,0,4,1,2,0.64,0.5909,0.78,0.1045,42,230,272
2011-06-16,3909,2,0,6,18,0,4,1,1,0.64,0.5758,0.83,0.2239,26,299,325
2011-06-16,3910,2,0,6,19,0,4,1,1,0.62,0.5758,0.83,0.2836,58,269,327
2011-06-16,3911,2,0,6,20,0,4,1,1,0.62,0.5758,0.83,0.3284,25,176,201
2011-06-16,3912,2,0,6,21,0,4,1,3,0.62,0.5758,0.83,0.2537,34,154,188
2011-06-16,3913,2,0,6,22,0,4,1,3,0.62,0.5758,0.83,0.2537,24,127,151
2011-06-16,3914,2,0,6,23,0,4,1,3,0.6,0.5606,0.83,0.2537,2,14,16
2011-06-17,3915,2,0,6,0,0,5,1,1,0.56,0.5303,0.88,0.0896,3,21,24
2011-06-17,3916,2,0,6,1,0,5,1,1,0.56,0.5303,0.94,0.1343,4,19,23
2011-06-17,3917,2,0,6,2,0,5,1,1,0.56,0.5303,0.94,0.1045,2,11,13
2011-06-17,3918,2,0,6,3,0,5,1,1,0.56,0.5303,0.94,0.1045,1,5,6
2011-06-17,3919,2,0,6,4,0,5,1,1,0.54,0.5152,0.94,0.1343,1,5,6
2011-06-17,3920,2,0,6,5,0,5,1,1,0.54,0.5152,1.0,0.0,1,12,13
2011-06-17,3921,2,0,6,6,0,5,1,1,0.56,0.5303,0.94,0.0,8,89,97
2011-06-17,3922,2,0,6,7,0,5,1,1,0.6,0.5606,0.83,0.0,25,225,250
2011-06-17,3923,2,0,6,8,0,5,1,2,0.6,0.5606,0.83,0.0,28,426,454
2011-06-17,3924,2,0,6,9,0,5,1,1,0.7,0.6515,0.58,0.194,28,196,224
2011-06-17,3925,2,0,6,10,0,5,1,1,0.7,0.6515,0.58,0.194,44,126,170
2011-06-17,3926,2,0,6,11,0,5,1,1,0.68,0.6364,0.69,0.2537,43,138,181
2011-06-17,3927,2,0,6,12,0,5,1,1,0.7,0.6515,0.65,0.2537,49,194,243
2011-06-17,3928,2,0,6,13,0,5,1,1,0.74,0.6818,0.62,0.2836,48,156,204
2011-06-17,3929,2,0,6,14,0,5,1,1,0.76,0.697,0.52,0.194,73,142,215
2011-06-17,3930,2,0,6,15,0,5,1,1,0.78,0.697,0.43,0.2239,62,181,243
2011-06-17,3931,2,0,6,16,0,5,1,1,0.76,0.6818,0.45,0.1642,69,286,355
2011-06-17,3932,2,0,6,17,0,5,1,3,0.76,0.6818,0.4,0.194,85,467,552
2011-06-17,3933,2,0,6,18,0,5,1,3,0.76,0.6818,0.4,0.194,62,388,450
2011-06-17,3934,2,0,6,19,0,5,1,3,0.64,0.5758,0.83,0.2537,53,275,328
2011-06-17,3935,2,0,6,20,0,5,1,1,0.64,0.5909,0.78,0.1045,40,192,232
2011-06-17,3936,2,0,6,21,0,5,1,1,0.64,0.5909,0.78,0.0896,49,159,208
2011-06-17,3937,2,0,6,22,0,5,1,1,0.62,0.5606,0.88,0.1343,48,127,175
2011-06-17,3938,2,0,6,23,0,5,1,1,0.62,0.5758,0.83,0.1343,37,141,178
2011-06-18,3939,2,0,6,0,0,6,0,1,0.62,0.5606,0.88,0.1343,21,83,104
2011-06-18,3940,2,0,6,1,0,6,0,1,0.62,0.5758,0.83,0.1045,15,80,95
2011-06-18,3941,2,0,6,2,0,6,0,1,0.6,0.5455,0.88,0.0,16,37,53
2011-06-18,3942,2,0,6,3,0,6,0,1,0.6,0.5455,0.88,0.0896,4,16,20
2011-06-18,3943,2,0,6,4,0,6,0,1,0.6,0.5455,0.88,0.0896,1,4,5
2011-06-18,3944,2,0,6,5,0,6,0,1,0.62,0.5758,0.83,0.0,1,6,7
2011-06-18,3945,2,0,6,6,0,6,0,1,0.62,0.5758,0.83,0.1045,9,18,27
2011-06-18,3946,2,0,6,7,0,6,0,1,0.64,0.5909,0.78,0.1343,12,45,57
2011-06-18,3947,2,0,6,8,0,6,0,1,0.66,0.6061,0.78,0.0896,28,103,131
2011-06-18,3948,2,0,6,9,0,6,0,1,0.7,0.6515,0.61,0.2239,62,156,218
2011-06-18,3949,2,0,6,10,0,6,0,1,0.72,0.6818,0.62,0.194,68,176,244
2011-06-18,3950,2,0,6,11,0,6,0,1,0.72,0.6818,0.62,0.1343,134,270,404
2011-06-18,3951,2,0,6,12,0,6,0,1,0.74,0.697,0.66,0.0896,162,258,420
2011-06-18,3952,2,0,6,13,0,6,0,1,0.76,0.697,0.55,0.0,135,192,327
2011-06-18,3953,2,0,6,14,0,6,0,2,0.8,0.7273,0.46,0.2836,138,196,334
2011-06-18,3954,2,0,6,15,0,6,0,2,0.82,0.7576,0.46,0.1343,153,214,367
2011-06-18,3955,2,0,6,16,0,6,0,2,0.76,0.697,0.52,0.2239,193,275,468
2011-06-18,3956,2,0,6,17,0,6,0,2,0.76,0.6818,0.48,0.1642,210,239,449
2011-06-18,3957,2,0,6,18,0,6,0,2,0.74,0.6818,0.55,0.194,118,263,381
2011-06-18,3958,2,0,6,19,0,6,0,2,0.74,0.6667,0.51,0.1045,99,227,326
2011-06-18,3959,2,0,6,20,0,6,0,2,0.72,0.6667,0.58,0.1343,61,127,188
2011-06-18,3960,2,0,6,21,0,6,0,2,0.72,0.6818,0.66,0.1045,58,125,183
2011-06-18,3961,2,0,6,22,0,6,0,2,0.72,0.6818,0.62,0.1343,56,105,161
2011-06-18,3962,2,0,6,23,0,6,0,2,0.72,0.6818,0.62,0.0,53,97,150
2011-06-19,3963,2,0,6,0,0,0,0,1,0.7,0.6515,0.65,0.0,18,71,89
2011-06-19,3964,2,0,6,1,0,0,0,2,0.7,0.6515,0.65,0.0896,17,59,76
2011-06-19,3965,2,0,6,2,0,0,0,1,0.68,0.6364,0.74,0.0896,13,59,72
2011-06-19,3966,2,0,6,3,0,0,0,2,0.66,0.6061,0.78,0.1343,14,16,30
2011-06-19,3967,2,0,6,4,0,0,0,2,0.66,0.6212,0.74,0.1343,7,10,17
2011-06-19,3968,2,0,6,5,0,0,0,2,0.66,0.6061,0.78,0.0,7,12,19
2011-06-19,3969,2,0,6,6,0,0,0,2,0.66,0.6061,0.78,0.1642,11,22,33
2011-06-19,3970,2,0,6,7,0,0,0,2,0.66,0.6061,0.78,0.1642,35,36,71
2011-06-19,3971,2,0,6,8,0,0,0,3,0.68,0.6364,0.74,0.1045,25,59,84
2011-06-19,3972,2,0,6,9,0,0,0,2,0.68,0.6364,0.74,0.1045,58,111,169
2011-06-19,3973,2,0,6,10,0,0,0,2,0.7,0.6515,0.61,0.1045,86,158,244
2011-06-19,3974,2,0,6,11,0,0,0,2,0.72,0.6667,0.58,0.0896,141,236,377
2011-06-19,3975,2,0,6,12,0,0,0,2,0.74,0.6818,0.55,0.0896,141,255,396
2011-06-19,3976,2,0,6,13,0,0,0,2,0.74,0.6667,0.51,0.0,149,214,363
2011-06-19,3977,2,0,6,14,0,0,0,3,0.74,0.6818,0.58,0.1045,124,193,317
2011-06-19,3978,2,0,6,15,0,0,0,2,0.74,0.6818,0.55,0.1045,146,216,362
2011-06-19,3979,2,0,6,16,0,0,0,2,0.76,0.6818,0.48,0.0,121,257,378
2011-06-19,3980,2,0,6,17,0,0,0,1,0.74,0.6667,0.51,0.0,159,238,397
2011-06-19,3981,2,0,6,18,0,0,0,2,0.74,0.6818,0.58,0.0896,78,218,296
2011-06-19,3982,2,0,6,19,0,0,0,1,0.72,0.6818,0.62,0.1343,94,217,311
2011-06-19,3983,2,0,6,20,0,0,0,1,0.7,0.6515,0.7,0.194,86,146,232
2011-06-19,3984,2,0,6,21,0,0,0,1,0.68,0.6364,0.79,0.1343,57,110,167
2011-06-19,3985,2,0,6,22,0,0,0,1,0.66,0.6061,0.78,0.2239,38,114,152
2011-06-19,3986,2,0,6,23,0,0,0,1,0.66,0.6061,0.78,0.194,14,78,92
2011-06-20,3987,2,0,6,0,0,1,1,1,0.66,0.6061,0.83,0.1642,7,19,26
2011-06-20,3988,2,0,6,1,0,1,1,1,0.64,0.5758,0.89,0.0896,9,3,12
2011-06-20,3989,2,0,6,2,0,1,1,1,0.64,0.5758,0.89,0.0896,2,0,2
2011-06-20,3990,2,0,6,3,0,1,1,3,0.64,0.5758,0.89,0.0,1,0,1
2011-06-20,3991,2,0,6,4,0,1,1,3,0.62,0.5606,0.88,0.1642,1,2,3
2011-06-20,3992,2,0,6,5,0,1,1,3,0.62,0.5758,0.83,0.1343,0,3,3
2011-06-20,3993,2,0,6,6,0,1,1,3,0.6,0.5758,0.78,0.1343,1,25,26
2011-06-20,3994,2,0,6,7,0,1,1,3,0.56,0.5303,0.88,0.194,0,46,46
2011-06-20,3995,2,0,6,8,0,1,1,3,0.56,0.5303,0.83,0.194,12,209,221
2011-06-20,3996,2,0,6,9,0,1,1,2,0.6,0.5758,0.78,0.2537,19,200,219
2011-06-20,3997,2,0,6,10,0,1,1,2,0.6,0.5758,0.78,0.2537,33,58,91
2011-06-20,3998,2,0,6,11,0,1,1,2,0.6,0.5758,0.78,0.1045,27,67,94
2011-06-20,3999,2,0,6,12,0,1,1,2,0.62,0.6061,0.69,0.1045,33,129,162
2011-06-20,4000,2,0,6,13,0,1,1,1,0.64,0.6061,0.65,0.1045,50,129,179
2011-06-20,4001,2,0,6,14,0,1,1,1,0.66,0.6212,0.61,0.1045,45,130,175
2011-06-20,4002,2,0,6,15,0,1,1,1,0.66,0.6212,0.61,0.1343,66,139,205
2011-06-20,4003,2,0,6,16,0,1,1,1,0.7,0.6515,0.58,0.1642,61,238,299
2011-06-20,4004,2,0,6,17,0,1,1,1,0.7,0.6515,0.54,0.0,81,484,565
2011-06-20,4005,2,0,6,18,0,1,1,1,0.7,0.6515,0.61,0.2537,64,474,538
2011-06-20,4006,2,0,6,19,0,1,1,1,0.66,0.6212,0.65,0.2239,62,369,431
2011-06-20,4007,2,0,6,20,0,1,1,1,0.66,0.6212,0.69,0.2239,52,264,316
2011-06-20,4008,2,0,6,21,0,1,1,1,0.64,0.6061,0.73,0.1642,39,167,206
2011-06-20,4009,2,0,6,22,0,1,1,2,0.64,0.6061,0.73,0.2239,24,106,130
2011-06-20,4010,2,0,6,23,0,1,1,1,0.62,0.5909,0.78,0.2537,10,50,60
2011-06-21,4011,3,0,6,0,0,2,1,1,0.62,0.5909,0.78,0.1642,10,23,33
2011-06-21,4012,3,0,6,1,0,2,1,3,0.62,0.5909,0.78,0.1642,2,12,14
2011-06-21,4013,3,0,6,2,0,2,1,3,0.62,0.5758,0.83,0.1642,1,5,6
2011-06-21,4014,3,0,6,3,0,2,1,3,0.62,0.5758,0.83,0.1642,0,2,2
2011-06-21,4015,3,0,6,4,0,2,1,2,0.6,0.5455,0.88,0.1045,2,7,9
2011-06-21,4016,3,0,6,5,0,2,1,2,0.6,0.5455,0.88,0.1343,3,22,25
2011-06-21,4017,3,0,6,6,0,2,1,2,0.6,0.5455,0.88,0.1343,8,107,115
2011-06-21,4018,3,0,6,7,0,2,1,2,0.6,0.5152,0.94,0.0,21,288,309
2011-06-21,4019,3,0,6,8,0,2,1,2,0.62,0.5606,0.88,0.1045,33,368,401
2011-06-21,4020,3,0,6,9,0,2,1,2,0.62,0.5606,0.88,0.2537,32,243,275
2011-06-21,4021,3,0,6,10,0,2,1,2,0.64,0.5758,0.83,0.194,41,120,161
2011-06-21,4022,3,0,6,11,0,2,1,1,0.66,0.6061,0.83,0.1642,52,119,171
2011-06-21,4023,3,0,6,12,0,2,1,1,0.7,0.6667,0.74,0.1642,40,149,189
2011-06-21,4024,3,0,6,13,0,2,1,1,0.74,0.697,0.66,0.1642,49,158,207
2011-06-21,4025,3,0,6,14,0,2,1,1,0.76,0.7121,0.62,0.2239,44,108,152
2011-06-21,4026,3,0,6,15,0,2,1,1,0.78,0.7424,0.59,0.2537,42,128,170
2011-06-21,4027,3,0,6,16,0,2,1,1,0.8,0.7727,0.59,0.2239,62,273,335
2011-06-21,4028,3,0,6,17,0,2,1,1,0.78,0.7576,0.66,0.2239,65,507,572
2011-06-21,4029,3,0,6,18,0,2,1,2,0.76,0.7273,0.7,0.2537,67,469,536
2011-06-21,4030,3,0,6,19,0,2,1,2,0.74,0.7121,0.74,0.2239,67,358,425
2011-06-21,4031,3,0,6,20,0,2,1,3,0.74,0.697,0.7,0.2239,72,254,326
2011-06-21,4032,3,0,6,21,0,2,1,1,0.72,0.697,0.74,0.194,38,191,229
2011-06-21,4033,3,0,6,22,0,2,1,1,0.7,0.6667,0.79,0.1045,12,97,109
2011-06-21,4034,3,0,6,23,0,2,1,1,0.7,0.6667,0.74,0.1045,11,53,64
2011-06-22,4035,3,0,6,0,0,3,1,1,0.66,0.6061,0.78,0.194,15,18,33
2011-06-22,4036,3,0,6,1,0,3,1,1,0.66,0.6061,0.78,0.1343,2,19,21
2011-06-22,4037,3,0,6,2,0,3,1,1,0.66,0.6061,0.78,0.0,2,5,7
2011-06-22,4038,3,0,6,3,0,3,1,1,0.66,0.6061,0.78,0.1343,0,7,7
2011-06-22,4039,3,0,6,4,0,3,1,1,0.64,0.5758,0.83,0.0,3,8,11
2011-06-22,4040,3,0,6,5,0,3,1,1,0.64,0.5758,0.89,0.0,2,21,23
2011-06-22,4041,3,0,6,6,0,3,1,1,0.66,0.6061,0.83,0.0,12,110,122
2011-06-22,4042,3,0,6,7,0,3,1,1,0.7,0.6667,0.79,0.0,23,288,311
2011-06-22,4043,3,0,6,8,0,3,1,1,0.72,0.697,0.74,0.1045,27,396,423
2011-06-22,4044,3,0,6,9,0,3,1,1,0.72,0.697,0.79,0.1642,14,205,219
2011-06-22,4045,3,0,6,10,0,3,1,1,0.74,0.697,0.7,0.2537,31,104,135
2011-06-22,4046,3,0,6,11,0,3,1,1,0.74,0.697,0.7,0.1642,37,108,145
2011-06-22,4047,3,0,6,12,0,3,1,2,0.8,0.7727,0.59,0.2239,44,144,188
2011-06-22,4048,3,0,6,13,0,3,1,2,0.82,0.7879,0.56,0.2537,34,113,147
2011-06-22,4049,3,0,6,14,0,3,1,2,0.82,0.7727,0.52,0.2836,32,113,145
2011-06-22,4050,3,0,6,15,0,3,1,2,0.82,0.7879,0.56,0.2836,32,114,146
2011-06-22,4051,3,0,6,16,0,3,1,2,0.82,0.803,0.59,0.3284,34,224,258
2011-06-22,4052,3,0,6,17,0,3,1,2,0.8,0.7576,0.55,0.3881,67,462,529
2011-06-22,4053,3,0,6,18,0,3,1,2,0.8,0.7727,0.59,0.2537,66,447,513
2011-06-22,4054,3,0,6,19,0,3,1,2,0.8,0.7424,0.52,0.2537,62,280,342
2011-06-22,4055,3,0,6,20,0,3,1,1,0.74,0.7121,0.74,0.1343,52,230,282
2011-06-22,4056,3,0,6,21,0,3,1,1,0.74,0.7121,0.79,0.1642,31,216,247
2011-06-22,4057,3,0,6,22,0,3,1,2,0.72,0.697,0.79,0.194,25,123,148
2011-06-22,4058,3,0,6,23,0,3,1,2,0.72,0.697,0.79,0.2239,14,91,105
2011-06-23,4059,3,0,6,0,0,4,1,1,0.72,0.697,0.79,0.2239,5,44,49
2011-06-23,4060,3,0,6,1,0,4,1,1,0.72,0.697,0.74,0.2239,5,26,31
2011-06-23,4061,3,0,6,2,0,4,1,1,0.72,0.697,0.74,0.2239,0,4,4
2011-06-23,4062,3,0,6,3,0,4,1,2,0.72,0.697,0.74,0.1642,1,4,5
2011-06-23,4063,3,0,6,4,0,4,1,2,0.7,0.6667,0.79,0.1343,0,7,7
2011-06-23,4064,3,0,6,5,0,4,1,1,0.72,0.697,0.74,0.1642,2,22,24
2011-06-23,4065,3,0,6,6,0,4,1,1,0.72,0.697,0.74,0.1642,8,92,100
2011-06-23,4066,3,0,6,7,0,4,1,2,0.72,0.697,0.74,0.1343,26,301,327
2011-06-23,4067,3,0,6,8,0,4,1,2,0.74,0.697,0.7,0.194,20,412,432
2011-06-23,4068,3,0,6,9,0,4,1,2,0.74,0.697,0.7,0.1343,33,194,227
2011-06-23,4069,3,0,6,10,0,4,1,2,0.76,0.7273,0.66,0.1343,39,88,127
2011-06-23,4070,3,0,6,11,0,4,1,3,0.76,0.7273,0.66,0.2537,28,108,136
2011-06-23,4071,3,0,6,12,0,4,1,2,0.76,0.7273,0.66,0.2836,30,130,160
2011-06-23,4072,3,0,6,13,0,4,1,2,0.76,0.7121,0.62,0.2836,37,149,186
2011-06-23,4073,3,0,6,14,0,4,1,2,0.76,0.7273,0.66,0.2985,46,103,149
2011-06-23,4074,3,0,6,15,0,4,1,2,0.76,0.697,0.52,0.3582,62,127,189
2011-06-23,4075,3,0,6,16,0,4,1,2,0.74,0.6818,0.62,0.2985,58,217,275
2011-06-23,4076,3,0,6,17,0,4,1,2,0.72,0.6818,0.7,0.3582,74,495,569
2011-06-23,4077,3,0,6,18,0,4,1,1,0.72,0.6818,0.7,0.4179,57,483,540
2011-06-23,4078,3,0,6,19,0,4,1,1,0.72,0.6818,0.7,0.3582,56,344,400
2011-06-23,4079,3,0,6,20,0,4,1,1,0.7,0.6667,0.74,0.2239,75,277,352
2011-06-23,4080,3,0,6,21,0,4,1,1,0.7,0.6667,0.74,0.194,46,188,234
2011-06-23,4081,3,0,6,22,0,4,1,2,0.7,0.6667,0.74,0.2239,23,139,162
2011-06-23,4082,3,0,6,23,0,4,1,1,0.7,0.6667,0.74,0.2836,15,90,105
2011-06-24,4083,3,0,6,0,0,5,1,1,0.68,0.6364,0.79,0.194,10,53,63
2011-06-24,4084,3,0,6,1,0,5,1,1,0.66,0.6061,0.83,0.3284,8,20,28
2011-06-24,4085,3,0,6,2,0,5,1,1,0.66,0.6061,0.83,0.3284,4,10,14
2011-06-24,4086,3,0,6,3,0,5,1,1,0.66,0.6061,0.83,0.1642,1,4,5
2011-06-24,4087,3,0,6,4,0,5,1,1,0.66,0.6061,0.83,0.0896,1,8,9
2011-06-24,4088,3,0,6,5,0,5,1,1,0.64,0.5758,0.89,0.0896,2,18,20
2011-06-24,4089,3,0,6,6,0,5,1,1,0.66,0.6061,0.83,0.1343,4,87,91
2011-06-24,4090,3,0,6,7,0,5,1,2,0.66,0.6061,0.83,0.2239,21,247,268
2011-06-24,4091,3,0,6,8,0,5,1,1,0.7,0.6667,0.74,0.2239,27,439,466
2011-06-24,4092,3,0,6,9,0,5,1,1,0.74,0.6818,0.62,0.1343,28,203,231
2011-06-24,4093,3,0,6,10,0,5,1,1,0.8,0.7273,0.43,0.2836,43,102,145
2011-06-24,4094,3,0,6,11,0,5,1,1,0.8,0.7121,0.38,0.3284,56,147,203
2011-06-24,4095,3,0,6,12,0,5,1,1,0.8,0.7121,0.41,0.2836,51,150,201
2011-06-24,4096,3,0,6,13,0,5,1,1,0.8,0.7121,0.36,0.2239,43,178,221
2011-06-24,4097,3,0,6,14,0,5,1,1,0.78,0.697,0.43,0.2836,67,162,229
2011-06-24,4098,3,0,6,15,0,5,1,1,0.82,0.7273,0.34,0.3881,69,147,216
2011-06-24,4099,3,0,6,16,0,5,1,1,0.8,0.697,0.33,0.4179,80,247,327
2011-06-24,4100,3,0,6,17,0,5,1,1,0.76,0.6667,0.37,0.2537,85,472,557
2011-06-24,4101,3,0,6,18,0,5,1,1,0.76,0.6667,0.37,0.2985,87,365,452
2011-06-24,4102,3,0,6,19,0,5,1,1,0.74,0.6515,0.4,0.2239,92,293,385
2011-06-24,4103,3,0,6,20,0,5,1,1,0.72,0.6515,0.45,0.1642,66,222,288
2011-06-24,4104,3,0,6,21,0,5,1,1,0.7,0.6515,0.48,0.1343,50,183,233
2011-06-24,4105,3,0,6,22,0,5,1,1,0.7,0.6515,0.48,0.0,41,126,167
2011-06-24,4106,3,0,6,23,0,5,1,1,0.68,0.6364,0.51,0.1343,33,139,172
2011-06-25,4107,3,0,6,0,0,6,0,1,0.68,0.6364,0.47,0.1642,19,97,116
2011-06-25,4108,3,0,6,1,0,6,0,1,0.66,0.6212,0.5,0.1642,20,75,95
2011-06-25,4109,3,0,6,2,0,6,0,2,0.66,0.6212,0.5,0.194,8,51,59
2011-06-25,4110,3,0,6,3,0,6,0,1,0.64,0.6212,0.57,0.194,18,21,39
2011-06-25,4111,3,0,6,4,0,6,0,1,0.64,0.6212,0.57,0.194,7,4,11
2011-06-25,4112,3,0,6,5,0,6,0,1,0.62,0.6061,0.61,0.1343,6,8,14
2011-06-25,4113,3,0,6,6,0,6,0,1,0.64,0.6212,0.57,0.2239,12,17,29
2011-06-25,4114,3,0,6,7,0,6,0,1,0.64,0.6212,0.57,0.2836,7,35,42
2011-06-25,4115,3,0,6,8,0,6,0,1,0.7,0.6515,0.48,0.2537,27,85,112
2011-06-25,4116,3,0,6,9,0,6,0,1,0.72,0.6515,0.45,0.2537,47,139,186
2011-06-25,4117,3,0,6,10,0,6,0,1,0.72,0.6515,0.45,0.194,99,203,302
2011-06-25,4118,3,0,6,11,0,6,0,1,0.74,0.6667,0.42,0.0,122,209,331
2011-06-25,4119,3,0,6,12,0,6,0,1,0.74,0.6515,0.4,0.2836,140,252,392
2011-06-25,4120,3,0,6,13,0,6,0,1,0.74,0.6515,0.4,0.2836,140,231,371
2011-06-25,4121,3,0,6,14,0,6,0,1,0.74,0.6667,0.45,0.2985,151,232,383
2011-06-25,4122,3,0,6,15,0,6,0,1,0.74,0.6667,0.45,0.0,157,235,392
2011-06-25,4123,3,0,6,16,0,6,0,1,0.76,0.6818,0.43,0.2985,175,235,410
2011-06-25,4124,3,0,6,17,0,6,0,1,0.74,0.6667,0.42,0.2239,152,247,399
2011-06-25,4125,3,0,6,18,0,6,0,1,0.72,0.6515,0.45,0.2537,108,199,307
2011-06-25,4126,3,0,6,19,0,6,0,1,0.72,0.6667,0.48,0.2836,121,254,375
2011-06-25,4127,3,0,6,20,0,6,0,1,0.7,0.6515,0.48,0.194,74,195,269
2011-06-25,4128,3,0,6,21,0,6,0,1,0.68,0.6364,0.51,0.1642,62,140,202
2011-06-25,4129,3,0,6,22,0,6,0,1,0.68,0.6364,0.47,0.194,61,126,187
2011-06-25,4130,3,0,6,23,0,6,0,2,0.66,0.6212,0.5,0.2985,49,130,179
2011-06-26,4131,3,0,6,0,0,0,0,1,0.64,0.6212,0.53,0.0,30,85,115
2011-06-26,4132,3,0,6,1,0,0,0,1,0.64,0.6212,0.53,0.1045,17,73,90
2011-06-26,4133,3,0,6,2,0,0,0,1,0.62,0.6212,0.57,0.1045,17,70,87
2011-06-26,4134,3,0,6,3,0,0,0,1,0.6,0.6061,0.64,0.1045,12,22,34
2011-06-26,4135,3,0,6,4,0,0,0,1,0.6,0.6061,0.64,0.0896,3,8,11
2011-06-26,4136,3,0,6,5,0,0,0,1,0.6,0.6061,0.64,0.0,3,9,12
2011-06-26,4137,3,0,6,6,0,0,0,1,0.6,0.6061,0.64,0.0,7,13,20
2011-06-26,4138,3,0,6,7,0,0,0,1,0.62,0.6061,0.61,0.0,24,27,51
2011-06-26,4139,3,0,6,8,0,0,0,1,0.64,0.6212,0.61,0.194,29,78,107
2011-06-26,4140,3,0,6,9,0,0,0,1,0.66,0.6212,0.54,0.0896,75,131,206
2011-06-26,4141,3,0,6,10,0,0,0,1,0.72,0.6667,0.48,0.1045,136,196,332
2011-06-26,4142,3,0,6,11,0,0,0,1,0.72,0.6515,0.45,0.1343,127,219,346
2011-06-26,4143,3,0,6,12,0,0,0,1,0.74,0.6515,0.4,0.1642,175,268,443
2011-06-26,4144,3,0,6,13,0,0,0,1,0.74,0.6515,0.4,0.0,197,245,442
2011-06-26,4145,3,0,6,14,0,0,0,1,0.74,0.6515,0.4,0.1343,197,246,443
2011-06-26,4146,3,0,6,15,0,0,0,1,0.74,0.6515,0.4,0.0,174,229,403
2011-06-26,4147,3,0,6,16,0,0,0,1,0.74,0.6667,0.42,0.194,177,278,455
2011-06-26,4148,3,0,6,17,0,0,0,2,0.72,0.6515,0.42,0.1642,178,243,421
2011-06-26,4149,3,0,6,18,0,0,0,2,0.72,0.6515,0.45,0.2537,117,265,382
2011-06-26,4150,3,0,6,19,0,0,0,2,0.72,0.6667,0.48,0.1343,89,228,317
2011-06-26,4151,3,0,6,20,0,0,0,2,0.7,0.6515,0.48,0.1045,55,158,213
2011-06-26,4152,3,0,6,21,0,0,0,2,0.7,0.6515,0.54,0.1045,48,135,183
2011-06-26,4153,3,0,6,22,0,0,0,1,0.7,0.6515,0.51,0.0,19,95,114
2011-06-26,4154,3,0,6,23,0,0,0,1,0.7,0.6515,0.54,0.0896,14,64,78
2011-06-27,4155,3,0,6,0,0,1,1,3,0.64,0.6061,0.73,0.2836,7,25,32
2011-06-27,4156,3,0,6,1,0,1,1,2,0.62,0.5909,0.78,0.1343,4,11,15
2011-06-27,4157,3,0,6,2,0,1,1,3,0.62,0.5909,0.78,0.1343,3,3,6
2011-06-27,4158,3,0,6,3,0,1,1,3,0.62,0.5909,0.78,0.1343,0,2,2
2011-06-27,4159,3,0,6,4,0,1,1,2,0.6,0.5606,0.83,0.1642,1,8,9
2011-06-27,4160,3,0,6,5,0,1,1,2,0.62,0.5758,0.83,0.1642,1,21,22
2011-06-27,4161,3,0,6,6,0,1,1,2,0.62,0.5909,0.78,0.1642,4,90,94
2011-06-27,4162,3,0,6,7,0,1,1,2,0.64,0.6061,0.73,0.2239,14,247,261
2011-06-27,4163,3,0,6,8,0,1,1,1,0.66,0.6212,0.74,0.194,29,418,447
2011-06-27,4164,3,0,6,9,0,1,1,2,0.72,0.6667,0.54,0.0,37,150,187
2011-06-27,4165,3,0,6,10,0,1,1,2,0.72,0.6667,0.54,0.1343,55,95,150
2011-06-27,4166,3,0,6,11,0,1,1,2,0.7,0.6515,0.58,0.0,55,95,150
2011-06-27,4167,3,0,6,12,0,1,1,2,0.72,0.6667,0.54,0.0,40,130,170
2011-06-27,4168,3,0,6,13,0,1,1,2,0.72,0.6667,0.58,0.2239,37,127,164
2011-06-27,4169,3,0,6,14,0,1,1,2,0.72,0.6667,0.58,0.0896,58,100,158
2011-06-27,4170,3,0,6,15,0,1,1,2,0.74,0.6818,0.55,0.0,76,126,202
2011-06-27,4171,3,0,6,16,0,1,1,1,0.74,0.6818,0.55,0.1045,53,222,275
2011-06-27,4172,3,0,6,17,0,1,1,1,0.74,0.6818,0.55,0.1343,90,514,604
2011-06-27,4173,3,0,6,18,0,1,1,1,0.74,0.6667,0.51,0.0,79,512,591
2011-06-27,4174,3,0,6,19,0,1,1,1,0.72,0.6818,0.62,0.194,56,340,396
2011-06-27,4175,3,0,6,20,0,1,1,1,0.7,0.6515,0.65,0.1045,54,251,305
2011-06-27,4176,3,0,6,21,0,1,1,1,0.7,0.6515,0.65,0.0,52,190,242
2011-06-27,4177,3,0,6,22,0,1,1,1,0.68,0.6364,0.69,0.0,33,112,145
2011-06-27,4178,3,0,6,23,0,1,1,1,0.68,0.6364,0.69,0.0,16,65,81
2011-06-28,4179,3,0,6,0,0,2,1,2,0.66,0.6061,0.78,0.1343,5,25,30
2011-06-28,4180,3,0,6,1,0,2,1,1,0.66,0.6212,0.74,0.0,5,8,13
2011-06-28,4181,3,0,6,2,0,2,1,2,0.66,0.6212,0.74,0.0,2,9,11
2011-06-28,4182,3,0,6,3,0,2,1,2,0.66,0.6212,0.74,0.0,0,2,2
2011-06-28,4183,3,0,6,4,0,2,1,1,0.66,0.6212,0.74,0.0,1,7,8
2011-06-28,4184,3,0,6,5,0,2,1,1,0.66,0.6061,0.78,0.0,1,20,21
2011-06-28,4185,3,0,6,6,0,2,1,1,0.66,0.6061,0.83,0.1642,7,117,124
2011-06-28,4186,3,0,6,7,0,2,1,1,0.68,0.6364,0.83,0.194,27,320,347
2011-06-28,4187,3,0,6,8,0,2,1,1,0.7,0.6667,0.79,0.1642,39,417,456
2011-06-28,4188,3,0,6,9,0,2,1,1,0.74,0.697,0.7,0.0,38,208,246
2011-06-28,4189,3,0,6,10,0,2,1,1,0.8,0.7424,0.49,0.1642,45,112,157
2011-06-28,4190,3,0,6,11,0,2,1,1,0.82,0.7576,0.46,0.0,49,118,167
2011-06-28,4191,3,0,6,12,0,2,1,1,0.84,0.7727,0.47,0.2239,41,161,202
2011-06-28,4192,3,0,6,13,0,2,1,1,0.84,0.7576,0.44,0.0,33,156,189
2011-06-28,4193,3,0,6,14,0,2,1,1,0.86,0.7879,0.44,0.2239,43,117,160
2011-06-28,4194,3,0,6,15,0,2,1,1,0.86,0.7879,0.41,0.0,39,127,166
2011-06-28,4195,3,0,6,16,0,2,1,1,0.86,0.803,0.47,0.2836,41,220,261
2011-06-28,4196,3,0,6,17,0,2,1,3,0.82,0.7879,0.56,0.2836,70,509,579
2011-06-28,4197,3,0,6,18,0,2,1,3,0.8,0.7576,0.55,0.2985,68,436,504
2011-06-28,4198,3,0,6,19,0,2,1,2,0.74,0.6818,0.58,0.4627,44,255,299
2011-06-28,4199,3,0,6,20,0,2,1,1,0.74,0.6818,0.62,0.0,50,246,296
2011-06-28,4200,3,0,6,21,0,2,1,1,0.74,0.697,0.66,0.2836,31,164,195
2011-06-28,4201,3,0,6,22,0,2,1,1,0.7,0.6515,0.7,0.2985,30,104,134
2011-06-28,4202,3,0,6,23,0,2,1,1,0.7,0.6515,0.7,0.2836,23,58,81
2011-06-29,4203,3,0,6,0,0,3,1,2,0.68,0.6364,0.79,0.2836,11,25,36
2011-06-29,4204,3,0,6,1,0,3,1,1,0.68,0.6364,0.79,0.2985,10,18,28
2011-06-29,4205,3,0,6,2,0,3,1,1,0.66,0.6061,0.83,0.2239,7,9,16
2011-06-29,4206,3,0,6,3,0,3,1,2,0.66,0.6061,0.83,0.1045,2,3,5
2011-06-29,4207,3,0,6,4,0,3,1,1,0.66,0.6061,0.83,0.1045,0,5,5
2011-06-29,4208,3,0,6,5,0,3,1,1,0.64,0.5758,0.83,0.194,3,19,22
2011-06-29,4209,3,0,6,6,0,3,1,1,0.66,0.6212,0.69,0.2985,12,104,116
2011-06-29,4210,3,0,6,7,0,3,1,1,0.7,0.6515,0.54,0.2239,18,318,336
2011-06-29,4211,3,0,6,8,0,3,1,1,0.7,0.6515,0.48,0.2836,41,499,540
2011-06-29,4212,3,0,6,9,0,3,1,1,0.72,0.6515,0.45,0.3881,32,189,221
2011-06-29,4213,3,0,6,10,0,3,1,1,0.74,0.6667,0.42,0.2836,31,95,126
2011-06-29,4214,3,0,6,11,0,3,1,1,0.76,0.6667,0.35,0.2239,53,117,170
2011-06-29,4215,3,0,6,12,0,3,1,1,0.76,0.6667,0.35,0.2537,55,188,243
2011-06-29,4216,3,0,6,13,0,3,1,1,0.8,0.697,0.31,0.3284,45,186,231
2011-06-29,4217,3,0,6,14,0,3,1,1,0.8,0.697,0.31,0.194,50,138,188
2011-06-29,4218,3,0,6,15,0,3,1,1,0.82,0.7121,0.3,0.1642,43,146,189
2011-06-29,4219,3,0,6,16,0,3,1,1,0.82,0.7121,0.3,0.4179,60,268,328
2011-06-29,4220,3,0,6,17,0,3,1,1,0.82,0.7121,0.26,0.4179,78,492,570
2011-06-29,4221,3,0,6,18,0,3,1,1,0.8,0.697,0.29,0.2985,78,510,588
2011-06-29,4222,3,0,6,19,0,3,1,1,0.76,0.6667,0.35,0.3881,60,341,401
2011-06-29,4223,3,0,6,20,0,3,1,1,0.74,0.6515,0.37,0.2985,69,264,333
2011-06-29,4224,3,0,6,21,0,3,1,1,0.72,0.6515,0.39,0.2239,26,195,221
2011-06-29,4225,3,0,6,22,0,3,1,1,0.7,0.6364,0.42,0.194,32,151,183
2011-06-29,4226,3,0,6,23,0,3,1,1,0.68,0.6364,0.47,0.194,32,97,129
2011-06-30,4227,3,0,6,0,0,4,1,1,0.66,0.6212,0.5,0.1642,15,39,54
2011-06-30,4228,3,0,6,1,0,4,1,1,0.64,0.6212,0.53,0.1343,13,19,32
2011-06-30,4229,3,0,6,2,0,4,1,1,0.62,0.6212,0.57,0.1343,2,6,8
2011-06-30,4230,3,0,6,3,0,4,1,1,0.6,0.6061,0.6,0.1642,2,7,9
2011-06-30,4231,3,0,6,4,0,4,1,1,0.58,0.5455,0.64,0.1343,2,4,6
2011-06-30,4232,3,0,6,5,0,4,1,1,0.58,0.5455,0.64,0.2537,1,24,25
2011-06-30,4233,3,0,6,6,0,4,1,1,0.6,0.6061,0.64,0.2537,4,119,123
2011-06-30,4234,3,0,6,7,0,4,1,1,0.62,0.6061,0.61,0.2239,29,291,320
2011-06-30,4235,3,0,6,8,0,4,1,1,0.68,0.6364,0.47,0.2239,44,511,555
2011-06-30,4236,3,0,6,9,0,4,1,1,0.7,0.6364,0.42,0.2239,33,227,260
2011-06-30,4237,3,0,6,10,0,4,1,1,0.72,0.6515,0.42,0.194,35,97,132
2011-06-30,4238,3,0,6,11,0,4,1,1,0.74,0.6515,0.37,0.1343,47,122,169
2011-06-30,4239,3,0,6,12,0,4,1,1,0.76,0.6667,0.35,0.1642,50,183,233
2011-06-30,4240,3,0,6,13,0,4,1,1,0.76,0.6667,0.33,0.194,70,162,232
2011-06-30,4241,3,0,6,14,0,4,1,1,0.78,0.6818,0.31,0.194,46,117,163
2011-06-30,4242,3,0,6,15,0,4,1,1,0.78,0.6667,0.25,0.2537,64,176,240
2011-06-30,4243,3,0,6,16,0,4,1,1,0.8,0.697,0.26,0.1343,63,260,323
2011-06-30,4244,3,0,6,17,0,4,1,1,0.78,0.6818,0.27,0.3582,98,496,594
2011-06-30,4245,3,0,6,18,0,4,1,1,0.76,0.6667,0.29,0.2537,114,472,586
2011-06-30,4246,3,0,6,19,0,4,1,1,0.74,0.6515,0.33,0.194,89,366,455
2011-06-30,4247,3,0,6,20,0,4,1,1,0.74,0.6515,0.33,0.194,55,285,340
2011-06-30,4248,3,0,6,21,0,4,1,1,0.72,0.6515,0.37,0.1045,81,242,323
2011-06-30,4249,3,0,6,22,0,4,1,1,0.7,0.6364,0.42,0.1642,43,164,207
2011-06-30,4250,3,0,6,23,0,4,1,1,0.66,0.6212,0.5,0.0,27,99,126
